{
	"kernel": [
		[ 0.111111, 0.111111, 0.111111,0.111111, 0.111111, 0.111111,0.111111, 0.111111, 0.111111,0.111111, 0.111111] 
	],
	"pivot": [0, 5],
	"zero_extension":  true,
	"limit_function":  "clip",
	"offset": 0
}
