{
	"kernel": [
		[ 0.111111, 0.111111, 0.111111 ],
		[ 0.111111, 0.111111, 0.111111 ],
		[ 0.111111, 0.111111, 0.111111 ]
	],
	"pivot": [1, 1],
	"zero_extension":  true,
	"limit_function":  "clip",
	"offset": 0,
	"histogram_expansion": false
}
