{
	"kernel": [
		[ 0.111111],
		[ 0.111111],
		[ 0.111111],
		[ 0.111111],
		[ 0.111111],
		[ 0.111111],
		[ 0.111111],
		[ 0.111111],
		[ 0.111111],
		[ 0.111111],
		[ 0.111111]
	],
	"pivot": [5, 0],
	"zero_extension":  true,
	"limit_function":  "clip",
	"offset": 0,
	"histogram_expansion": false
}
