{
	"kernel": [
		[[0.049270887005217534, 0.10433032086910221, 0.07041288079916896 ], [0.020321124453245853, 0.24872749056280086 , 0.20828388959305855], [0.20352797004751766 , 0.17130619006467807 , 0.16088006441696134  ] ],
		[[0.013083424058667359, 0.1042481686604203 , 0.026054261536101797], [0.20475048479143687 , 0.007978453157771348, 0.04550637062836371], [0.029026991844901207, 0.08976206010995769 , 0.0075224093153123395] ],
		[[0.11669033004298879 , 0.13709050854768057, 0.17277566680981704 ], [0.3342779996912483  , 0.1324502070745538  , 0.11097162496459934], [0.029050788064776456, 0.004106600953035167, 0.19759283193661692  ] ]
	],
	"pivot": [1, 1],
	"zero_extension":  true
}
